상품명,가격,배송바,url
애플 Apple 아이폰 16e 128GB 미개봉 새제품,"440,000원",배송비무료,https://cr.shopping.naver.com/adcr?x=tDBbexBrM3wl9Ug1rOwqVP%2F%2F%2Fw%3D%3Ds6JCQ3j7OfywChKQSAR%2B%2FOc7Br9qGyiHEnrtOB5CZmWQAjU5j3gjlMYsRq8%2BGHFpS8t0uSqbL4WCocHvYscTfTjXJD0NsZoE8wg%2BLc2SvDZhHRaISaXjSXtxpkOUV9xcVcpoK6%2B77YaU9jcTXq98hDD5EAmGyaVUD2XXseKFFqlrl6pi1190uKBx%2BypGF%2BxFwhNAWEw0JCsb7LJXBJqKWV9015zgK%2BP5r4ZCysDfiDpW8UjUJYGI%2F9VG8ySwUuOa8XmvllbU0MHjlNEnGQOI2bxKy3LoYl2rVajvOxbF9h7C54J8UO7LDGXdPU9Do8oyMXmq0wb8nQ9S1CNyVqQgAyOWMPdCZ9HuyQDywPQdPKKDI0wsZ%2FbR%2Bvy1mMOZPj1bGG1fUqIZ7CTqeNBeEUiuIjdUGPgRggHKKLvER4Et1UYP%2Be0rsHLbZS5O2l5FSw6hh%2BQaZNgYJHHKeII8hfQtwaVZe2vCZzrj2VVTjVubWlVDN81WjUpxJVJrN5mDsz4BpxajfCLLAG7AAnOO3EeUKmd9nzMbQIMFh4vy8tzhMHsVda5t7S2YYsJBU1Z1eohHKR2SdzAJDDZAX36C0mf%2BYtdmh3qu3jWpf24Cn5bRk46xB%2BN8yuTUNKdC7BdTtUm5wWfAs3MBjlgxjnwLbwIxH2rPdJcDu90HdysRMHeadvRfvk3ZEM7VZ7hbjUZrV9AbeQ5uWxUwnohxHntA1OSX6yEHQIiXcF4qwUXZ2sX76wW8%3D&nvMid=89877627274&catId=50001519
[대여] 애플 17 프로 아이폰 대여 렌탈 합정 잠실 서울역,"29,600원",배송비무료,https://cr.shopping.naver.com/adcr?x=WKYHYS2oLhsNCW%2B6M6vCK%2F%2F%2F%2Fw%3D%3Ds8oHVMwk1sZPsq85gFJYzfWy%2F8mh7SWtsC%2F0z%2BN7qWC8AjU5j3gjlMYsRq8%2BGHFpSa%2FqaCknbIVjPpsOLQEQaIjXJD0NsZoE8wg%2BLc2SvDZhHRaISaXjSXtxpkOUV9xcVcpoK6%2B77YaU9jcTXq98hDD5EAmGyaVUD2XXseKFFqlrl6pi1190uKBx%2BypGF%2BxFwhNAWEw0JCsb7LJXBJqKWV9015zgK%2BP5r4ZCysDfiDpWJV3jbCpnRGFI7uxcdTky89B57xWiiMmP2I7J%2BKpkJuxKy3LoYl2rVajvOxbF9h7C54J8UO7LDGXdPU9Do8oyMXmq0wb8nQ9S1CNyVqQgAyHe2x6%2FTUNmIJGOIj27qBm6i5Xib0lo1lsroWZ8ZREdQqo9xYeeSYvXSBSSy7%2Fi5u9UGPgRggHKKLvER4Et1UYP%2Be0rsHLbZS5O2l5FSw6hh%2BQaZNgYJHHKeII8hfQtwaRKfbV5w6MDJYS98ingm%2BgHN81WjUpxJVJrN5mDsz4BpiHW4Emos9hCaS9CcgW8JVt%2Fx2lDyIviEsfyISMz7L1DtfGEwfEslI77zp2BVN56v4fuBxUXFP3IAfbF%2FRtLVMOfDsRw%2Fq6a3xSbYyumVmYca3hvn9EYhdnVWKEuCL66Jz%2BTGPiK2xEyqZgcv61wr%2BrEKHCxBhmtMLJXh3NqRZK0mhQZn3PwRTxS1Rzr1k8I%2BjPsbRWOlAYYOpbv%2BdbQIRDl1W59ZNUW54N3L2twHnI6FbDf4gHI5rSMJU1BWcIOg&nvMid=89926920107&catId=50000249
아이폰 17e 256GB [자급제],"최저990,000원",배송비무료,https://cr.shopping.naver.com/adcr?x=BOiFHhJ62WS%2FNy807zflwf%2F%2F%2Fw%3D%3DstxBvibAssTv6Ot3GJSIHVFt%2B2QdFyRc0B%2F2hMorzRGVyoYErd7Wx1dfdVO6hh7qVV5gde1OaFu9aBjMRGH5OmsKdlAuo4CRofAy%2FiHp8jqv8RtWXQ%2B4yWv%2FzzZujOpojJ8HYErUipZmFnRR4i6yvUVJi4kqkfrsMaDMvD%2FKMybQiI7B54eM1Z1TkQmq6kEubhmeWtJmvw8M90EK%2Bzy5a114nEdwofithSFzlLG8az9DckHIAnfcjW8vGv5f9g%2BRiIk7uNvEAL%2BEcmclsT2kPbblIRP%2BZOH7CveIqcMav0VFCOWlOtGXo%2BBrAFlQod7x8IYcO%2BwZChQd38bYTPmzUgD9rXyqENDUD8omnd%2BAEOivf3Vb8LXDlJWzaxi1N0VJ65pll0AoaT5kg6zwQNcBg8WovNxFWzA781dOsDXmXgY0GilyaKM5kn%2Bdjf5FjA7VeSkijfLc7fx77nAnEnwnY57lAo3Rm6TRtniyvzymaudM1ycG%2FCkRelOMkyw%2BDh5rogD4pcSj362gUFXwU2GrD2Zw9%2FDMX2S1ZzF2txO07wpSHt5FeG%2FH7Xww%2F%2FMuALSol9oQhMm9myI3rpJyoYwRsUtYcPCZJs3ATganiXKNXJJEg0SCvkBdX%2BfiYBl0IX9vqG4z81t6NRZmnOfxEfy5asfvrZW9AlkFrSIIchAe%2F18kRpOFzCbaM6OU97uoPifjr6KgI8BPNBOD5PetcPUWBm0OYu0Ljx7TKF60i2s3eXUjNjqh%2FZemCCOboDhnweAmG&nvMid=59125506333&catId=50001519
아이폰 17 512GB [자급제],"최저1,526,400원",배송비무료,https://cr.shopping.naver.com/adcr?x=7WiHM4360t99WfwymPHtx%2F%2F%2F%2Fw%3D%3DsWr3t%2Bep5ax1uEV7lfCRkfViwgni%2FIk%2BHAPn3mDULHbJyoYErd7Wx1dfdVO6hh7qVdQpQIVfCYzLqx%2FcaOn8JScKdlAuo4CRofAy%2FiHp8jqv8RtWXQ%2B4yWv%2FzzZujOpojJ8HYErUipZmFnRR4i6yvUVJi4kqkfrsMaDMvD%2FKMybQiI7B54eM1Z1TkQmq6kEubhmeWtJmvw8M90EK%2Bzy5a114nEdwofithSFzlLG8az9ASBNXkEhetsnaK17idpx5DIk7uNvEAL%2BEcmclsT2kPbblIRP%2BZOH7CveIqcMav0VFCOWlOtGXo%2BBrAFlQod7x8IYcO%2BwZChQd38bYTPmzUgD9rXyqENDUD8omnd%2BAEOivf3Vb8LXDlJWzaxi1N0VJ6LJ0MUTl8%2BxJgsR2NtkoWoWovNxFWzA781dOsDXmXgY0GilyaKM5kn%2Bdjf5FjA7VeSkijfLc7fx77nAnEnwnY57lAo3Rm6TRtniyvzymaudM1ycG%2FCkRelOMkyw%2BDh5roEzICFgVsEg0uyxzfsjy7%2B5w9%2FDMX2S1ZzF2txO07wpSHt5FeG%2FH7Xww%2F%2FMuALSolXpgbMZBNc2nh38DUidFCEJnEh4xd49ipB1VRcitT8H%2FT29Fm9w52YxUPMZiGQEPjURUKD5qhGi%2BYEUINplczD6w70NbZP6uHmMo5FhoJbRYRpOFzCbaM6OU97uoPifjrycJtNGeNyRY3PBI%2F8lluQx0pCgh11W5WBcpJpz3o%2FeTNjqh%2FZemCCOboDhnweAmG&nvMid=56642218976&catId=50001519
Apple 정품 아이폰 16 자급제,"1,150,000원",배송비무료,https://cr.shopping.naver.com/adcr?x=jIP4SUlKc%2BvP%2FQBw0Dqo5v%2F%2F%2Fw%3D%3Ds2g1l5mh5DlQGFtbBCdGLvL7f9ylfBx1%2FZM5ktejzodbxTAJR5s3V3RheLYZrm3hTGX2jo8mFx915A%2FIT14sjN2g6HabDTRx466CGciRiUnFBZuMfzSBinsMMtj7lqMfUyO7ChwrCmh81FSu7iB2mRNDkFMhuDiVGpV0%2FnH3Byg6KPRaB75CpZSI3WOEfpRxJHNZtQ%2FiGx%2BQOIyH96Kmut2E6W4nW1ZBCJdFOCy3XN8wGzeLpYzXKylPfNPIwVklAklnFx%2BOK%2FZ12OM5oXmyo%2FrNZ0VU37VcdgTdzSFS0KJIWEea8lON7BVww%2BVCYs2aJzNpWdDZgZjgHBCxFwleabTeCsheERqGwH1oTQDVlLMPFTsoJC617iO9rmkyINrn%2FCneSaHKSg8YoUJxvBSQFVRKy3LoYl2rVajvOxbF9h7C54J8UO7LDGXdPU9Do8oyMXmq0wb8nQ9S1CNyVqQgAyM8Khb3ZW2qWwgnBSkslextAW7ixYLpcsqjM1QROR6OxgzRGQMqXBWNWeUALR9IuSnYgr%2FCGiHKkVu0zZ9D33nXj2kutq5IvYB%2Fr6DiZSdKwxj2%2BueGD0V%2FODm9APc17NTz%2BPvHANzeyfrdHvUJymiRlHbYDqngaR0HlMSHta7qs10BOzxy976Mrvpv9NpM20rReafK8kjqa0rIoX6%2BRJTNdnvoolkKVNouiKxvFitIQRA%2FH5%2BZCRNfOzbw9WIv6cyY3p1X2mnlDPAQCwcGNAzTL07boOLwoxL6IajskM%2BfZvjSGQMHNEDjnt8yukxWrZ1qj%2FQaMZJhVUbzZOmL8%2FUNoaKZHilHbuauHUigNM5KA&nvMid=55291676020&catId=50001519
아이폰 17 프로 256GB [자급제],"최저1,790,000원",배송비무료,https://cr.shopping.naver.com/adcr?x=UlEdv%2FmRjVUq20E%2F2xe4hf%2F%2F%2Fw%3D%3DsIjLkLfneXtVQ3MCnfCoKqDj0ZsBSigkmreAq94z51pvxTAJR5s3V3RheLYZrm3hTbIF%2BAWkudOEk%2F2%2FDBNgkN2g6HabDTRx466CGciRiUnFBZuMfzSBinsMMtj7lqMfUyO7ChwrCmh81FSu7iB2mRNDkFMhuDiVGpV0%2FnH3Byg6KPRaB75CpZSI3WOEfpRxJ334rL%2BbR36BhYe0R%2FrUmjkI1yUrC8vID%2FKz%2F8c89qMtHnaVdL%2ByFF8sN%2FzE5vfZjY2ZxuAuvSW7ZwIsaDJftz694IFlqpi2PXO88uXmhtpGPU%2BP0vujqGsMX5b0LlSVH0pZ54p2u%2FbrBbb5xdOQUT2vqR2unsG9Pw6XBns%2FftjJmn%2B6FVZ%2Fm0w7K7lHYQAO7ips7L%2BHL%2F9XXqdlV5GofkDokh7KNEkkbwBBKOUFOEEqtrFOJ3BrPLpJ%2BiuodUZE4pCx5DEuk%2BCwv89EIsuvHOEA6g0b8m774rkU%2FndcsrFyNyvmi1YpN6z1aUtdV7deahNSejLnKwkVKrau%2BH9owqiI28QDIftdPo5sZ73mZF1QQWNxlcvxVcTYogw9Go3GiseZHaS%2FOwSyXnheJKBgZiCLkdKvOGEI4xa5d1nG8Ze9ph5ep%2FVlflDhOh3XwtnEhUCkLuYWGGZYJeMcgNVBwWjsdMFDtA9byax7ePdWw%2F2OdSlPOZBN6V54TTL6u%2FzFs5j4Fj4ovuedoR%2Bc1IkGFpH%2F4DSC068t08LTKgFEn6d5WhZ3SMHTcLlpircdRzUgq1JIslBmdxaTx7xO1%2BPPoWw%3D%3D&nvMid=56666065238&catId=50001519
SK 기기변경 애플 아이폰17프로 512G / iphone17 Pro,"1,440,000원",배송비무료,https://cr.shopping.naver.com/adcr?x=%2FVVoDhkoRjlT92W%2B6uwZ2v%2F%2F%2Fw%3D%3DsFQwsWcEoyFGFbZh%2FGISe7V3OQDM%2BZ5V6MdJ9j%2F6Ec0wAjU5j3gjlMYsRq8%2BGHFpSDBvXKXgjmRJU6cSUeuE1lDXJD0NsZoE8wg%2BLc2SvDZhHRaISaXjSXtxpkOUV9xcVcpoK6%2B77YaU9jcTXq98hDD5EAmGyaVUD2XXseKFFqlrl6pi1190uKBx%2BypGF%2BxFw9ET7et2EVoK3e%2FjN%2B1okdw2aTib2HZxYthgQwcsL0fP%2FqZitcv1cbjcnp8zhjDJARpU65idHApHiQgTJDz7%2F3JaUBP4eeOpkaTbqW9TxZeJEqzK2WNGcT%2B5sHCKZevrdy%2F6MHZ6u%2F5n6uuzlUc6JNEuUiTS4CHUtVxQrWeRhExjUThds8qXBk2GsjoG4BPb0piXKBBpMeiBZ2yLygSAI1Vw1k3kUXjomqDt8NY2PkJo26SzTrxWnV%2FJ8smUj5aON022wzw7oJnXq4AaZXBLHWFwsetKX3NL5cglPmuV4rgqD3y9ThgJT74ZsGFRkVbnD%2BdcP%2FYbeGUXCaz7KY0VgojuLPpJQIInhkF%2Boazyst9WHMIgKG%2BjkSjl7j9YGNv7D%2Bin8ZMQab7EMTS95UcSXxpQPcEcQiVMgvs2esJFeUUk9jwI207JRMWZoqOSRGaJ1cYytZBhSvxji0XiTTHjazq%2FxpPdAk%2BKKLwqVq0iLR7zL07boOLwoxL6IajskM%2BfZKNm4m58y%2FoJozo1Hq9vd8R9JMvxn37pW8KhEeoFQC2poaKZHilHbuauHUigNM5KA&nvMid=57170283301&catId=50000246
아이폰 17 256GB [자급제],"최저1,237,980원",배송비무료,https://cr.shopping.naver.com/adcr?x=AaCWmZOXZFj%2FXMzwMnSwqP%2F%2F%2Fw%3D%3DsJ%2BJSB2LoQPEVzkvY44r%2BwWenC8F4NU%2F8fm1d42LLuxJyoYErd7Wx1dfdVO6hh7qVJkORWngcCEpE2ssflJHl58KdlAuo4CRofAy%2FiHp8jqv8RtWXQ%2B4yWv%2FzzZujOpojJ8HYErUipZmFnRR4i6yvUVJi4kqkfrsMaDMvD%2FKMybQiI7B54eM1Z1TkQmq6kEubhmeWtJmvw8M90EK%2Bzy5a114nEdwofithSFzlLG8az9BF4SUFdYsHJqKAQaKySmwjIk7uNvEAL%2BEcmclsT2kPbblIRP%2BZOH7CveIqcMav0VFCOWlOtGXo%2BBrAFlQod7x8IYcO%2BwZChQd38bYTPmzUgD9rXyqENDUD8omnd%2BAEOivf3Vb8LXDlJWzaxi1N0VJ62rHrH%2FG%2FmlKGqTnOOlBemWovNxFWzA781dOsDXmXgY0GilyaKM5kn%2Bdjf5FjA7VeSkijfLc7fx77nAnEnwnY57lAo3Rm6TRtniyvzymaudM1ycG%2FCkRelOMkyw%2BDh5rof1HcjZETy%2FgA%2BFX1ddFGH5w9%2FDMX2S1ZzF2txO07wpSHt5FeG%2FH7Xww%2F%2FMuALSolHfpdYmqLWUHKvml%2FCWrMkJnEh4xd49ipB1VRcitT8H%2FT29Fm9w52YxUPMZiGQEPj4AkuWKUPpJLfq5NAm4mUxYBVun44%2F5VHUugrtYBSGykRpOFzCbaM6OU97uoPifjr62rxAEQPaFcdsnojJ5VslZgVSSouQhuSSI9aEQkL383Njqh%2FZemCCOboDhnweAmG&nvMid=56666632837&catId=50001519
Apple 아이폰 17 프로 자급제 256GB - 실버 MG8G4KH/A,"1,790,000원",배송비무료,https://cr.shopping.naver.com/adcr?x=fW1dX229nOeE544mErNCPv%2F%2F%2Fw%3D%3Ds223NRtZa6kNcdSJgh7478M2kXd71P1KcNKZlja77YKsAjU5j3gjlMYsRq8%2BGHFpSwlnENndNSUY0%2BOUbj5wbpTXJD0NsZoE8wg%2BLc2SvDZhHRaISaXjSXtxpkOUV9xcVcpoK6%2B77YaU9jcTXq98hDD5EAmGyaVUD2XXseKFFqlrl6pi1190uKBx%2BypGF%2BxFwh83Hd%2FMBIIhr38vFu%2BvG0owZskL6yDBLDhBo2NNhhqQnHI9LI0O0kpbw8XHProF7dv5nXukfOfT%2Fq1m6X4DloxbjJAQtVtMhXuf3vBkiefWWJtbYdpuqrFbHuKPmsLusD1Qmf2ge%2BrufpCO7m6iFQ18lUY49HlBtNyvk%2BHq4sD5ruGnra1gNesgZ7Oh7Ik0vvCwT0abKONypnac0fWTm4weL8mDjug0MMBKQwp4NOEHBz7%2BORHa%2BX777%2F5U82WuFPW%2FWhsws%2BmqKZySCwtxb%2F8Jy1dSg%2FNKT2uNz5j9e%2FCJv1%2F1Oy2wGa91FFG%2BlL%2FdaraxTidwazy6SforqHVGROKQseQxLpPgsL%2FPRCLLrxzhAOoNG%2FJu%2B%2BK5FP53XLKxc0EEKY1f13DVNq8fQFPH561inQXE6jInc%2FdrEREn8BDpBBbYLgF%2FlaAuPEUA1EI7LeeB52T5DDyXWzxEJZpo2%2B3zdVKaZY5G0ephciMdVcBABJcNetlzlAWV8z9PffXXYFalILnNr%2Fgnl0%2FLJ7zK6BV%2FkGzo5Q0xuxRTTp3hfN%2B6WONSMidBvbXsX0v3WUpppLoIg4eUvJ%2Fu0XNDHjbs4HUr3X1Z8hXc43HO6KcplzUc8oVXXl76DwfiCY0I2GcQ3xyAhEKTy%2B0Zvtn8oYxIR0Q%3D%3D&nvMid=59278488268&catId=50001519
Apple 아이폰17프로맥스 512GB Apple 미개봉 새상품,"1,160,000원",배송비무료,https://cr.shopping.naver.com/adcr?x=ie%2FUv0BeULVkbzo%2F1RN1pP%2F%2F%2Fw%3D%3DsovyQbkjbcaqleqZE%2FuAlAfscG0EPSonV729N11xW2XDxTAJR5s3V3RheLYZrm3hT%2FVzrvKJKy%2ByD7tQSwe5BcGg6HabDTRx466CGciRiUnFBZuMfzSBinsMMtj7lqMfUyO7ChwrCmh81FSu7iB2mRNDkFMhuDiVGpV0%2FnH3Byg6KPRaB75CpZSI3WOEfpRxJRL6iu0rN9ANYEXkZX8p%2BoSEm%2FeWMmjv1VUimPr%2BbdY6FZjV55YvAAfRcK3G3tTissTI8bIxdYyvxc0HuaeM0bf54B1aDCVJ%2FaBI6h2dlIjAQhkkHXK4%2FmSRy5icYE%2F2772e3MtFfv9yQbDbLFwar4700UPrHmAut3VMyEGteAS4Wx7xw8HcqUa1BT%2FCvQMHRcRNvmkCkGTEGnQxjgQGSKsrQMnNsVo%2BsX914sPs2gSvgVFhgPRlAS1oH%2BEWXyhFonk0oHDv4qAuCkta8e0gUlq4DPFrJeCawrrD420JMXf3XdwMZv%2BsjaOq%2FaIlKn6P2jGe2O4XYR9Z2V8RfLAfApTvZT97I18dWaYF2k57JV0%2FX6otj1MhfQc94QwsHuf4HinLSptEDDbjEE6GhbroZKCEgEVeV7B3NpZq7cYnYo2JqEafhDm%2Bdw%2FGs5SL0%2FdeOsQocLEGGa0wsleHc2pFkrUqljc64RwI1Zr3uMpY7sJytCyKz4NuR4ox5ballQ%2FTERdnu8G%2B2T2VP29XZ1PbGCmhopkeKUdu5q4dSKA0zkoA%3D&nvMid=90912314913&catId=50001519
해외아이폰5C 풀박스 공기계 무음 카메라 8GB 5C,"79,000원",배송비무료,https://cr.shopping.naver.com/adcr?x=OGn0dhkczHxAm0f6zt3kOv%2F%2F%2Fw%3D%3DsWRsI2X6fNnq7seX5Tnw8VVknAWEjqgSYm8Hg1sjtM%2FkAjU5j3gjlMYsRq8%2BGHFpSEg4NyA2TUAgnsy7sOZurkTXJD0NsZoE8wg%2BLc2SvDZhHRaISaXjSXtxpkOUV9xcVcpoK6%2B77YaU9jcTXq98hDD5EAmGyaVUD2XXseKFFqlrl6pi1190uKBx%2BypGF%2BxFwhNAWEw0JCsb7LJXBJqKWV9015zgK%2BP5r4ZCysDfiDpXoUsqJbvVxZhAHV5E8yTl9YRkQInIb7zdFGu4kGFBP2hKy3LoYl2rVajvOxbF9h7C54J8UO7LDGXdPU9Do8oyMXmq0wb8nQ9S1CNyVqQgAyBKu4iR43xpkuCZhlot9MRFIa1WnLMie7Kmhe8q61boGqo9xYeeSYvXSBSSy7%2Fi5u9UGPgRggHKKLvER4Et1UYP%2Be0rsHLbZS5O2l5FSw6hh%2BQaZNgYJHHKeII8hfQtwaaQZI%2FPW7N72ejMlvJUyJTbN81WjUpxJVJrN5mDsz4BpE57zjlJRMZN60L%2ByNnUwba60nZHB5qzCOy6IWMy%2BUsHeo7TZsYQWdiZrgnTNLA30fv6yeHH14cp0EMlg3bocQlnbY8Zzuz5HDCcqJ6m7VTqkIair7gZ34%2B6ZSIb8uZQwD%2B1GzYyCQAVsDO6ulMSblnnRE8zBSCuf5g43ccIXsVh1MQYFO4NSE5%2F5W7QjLJLJFVHYC42N%2B8wYAT6o%2Bj7W8Q4SwcLvxUEucVmH%2BcOht40%3D&nvMid=90749142379&catId=50000249
아이폰 17 256GB Apple 미개봉 새상품,"490,000원",배송비무료,https://cr.shopping.naver.com/adcr?x=TC1%2FIzkAZThgiMNckcxixP%2F%2F%2Fw%3D%3DsV138DpkZQEtXobbLpdjIRuIzGzdpxT50mWdZ9wXFTRhyoYErd7Wx1dfdVO6hh7qVqdW8r%2BYscAiGSht8xYAQDcKdlAuo4CRofAy%2FiHp8jqv8RtWXQ%2B4yWv%2FzzZujOpojJ8HYErUipZmFnRR4i6yvUVJi4kqkfrsMaDMvD%2FKMybQiI7B54eM1Z1TkQmq6kEubyaxxRm4H8HcYDi0B3B3iQmfQT7uWwvxdz8nMvhXCKF2a75aeWWyWnLSJMoL6bi3HEny3x8NXPUjBPjfbq3ir3QlIoSvKTA%2Ffvxn7nqCVPzyk6v2w9jBqMGR4TTsgYaQnlII%2ByYYqWVu3SSXxcjEJdMAbZSBNKETLYvqBB%2BLzTfSlLTfTPK2Cs6wpNeI1NSnjhbyCSSvPR8gf9VUhfaqQfMJ5kRNS1OiHGwoPPuaMj59X%2FUClxRG%2FiE6GIgL9Hk9Y7wmA0mJebi4UzJb7vTbuDLKKlQSAhW4OHctOXU8N3gpIa%2FIDcyjh15RQN5IM5zaTtGV9RYVd8AmyTfUdj5tOybKTKVxXYognrfKYVcticUzcxay9fuDTcTZ6FC46rM85jmFUR0VDMLkaNKjWuoLB9HMquSI53N2hGBKLRYzyXrhrWNLxRrWHCJoudYzHCivGDD0BRu4QhvJ3Nkvg1P%2F1vAsCh4BApBCKh0b2TKOUkBVao%2F0GjGSYVVG82Tpi%2FP1DaGimR4pR27mrh1IoDTOSgA%3D%3D&nvMid=90305072272&catId=50001519
Apple 아이폰 16프로 512GB Apple 미개봉 새상품,"890,000원",배송비무료,https://cr.shopping.naver.com/adcr?x=dPAQB22aRheJNus9z5oMnf%2F%2F%2Fw%3D%3DsnU16NPHRT1Y848jhf1iQF034s3jvq2IchDmgGlpm%2FzcAjU5j3gjlMYsRq8%2BGHFpSCtfJs0JKw8W1J8WyaMMBNTXJD0NsZoE8wg%2BLc2SvDZhHRaISaXjSXtxpkOUV9xcVcpoK6%2B77YaU9jcTXq98hDD5EAmGyaVUD2XXseKFFqlrl6pi1190uKBx%2BypGF%2BxFwhNAWEw0JCsb7LJXBJqKWV9015zgK%2BP5r4ZCysDfiDpU12sjcX1Ju90qijAfB89BKt8Z5p%2F5MGi%2F8Wivqp9BvqxKy3LoYl2rVajvOxbF9h7C54J8UO7LDGXdPU9Do8oyMXmq0wb8nQ9S1CNyVqQgAyKnzFNIaRBMCOTfS7HCioLGsumBSbbF33g0QkrBmvSXgG1fUqIZ7CTqeNBeEUiuIjdUGPgRggHKKLvER4Et1UYP%2Be0rsHLbZS5O2l5FSw6hh%2BQaZNgYJHHKeII8hfQtwaeKtzaPTjKz%2BTdegJxZy0OrN81WjUpxJVJrN5mDsz4BpExR1X1beoq5oOGk6Efw1sUbJAiIt5l44CdD%2F8xIOMY33bFWbuyta2k7nv3nrM68KhsPSVDQs5zptLYv92QH5eFD2mZFrVbtUTnaNAAru5PWKzBVs9%2BJnDlH6MQTD9k%2BPsQocLEGGa0wsleHc2pFkrTjdaEs6kTiGv26S5uqQYwuFXkp5meIWDBDDB4NJ%2Fbqa4wHJYgGQomNxyDFh8IFTtstVYavx%2B%2B8fWZa9SBc8rqM%3D&nvMid=90886769996&catId=50001519
Apple 아이폰 15프로맥스 256GB Apple 미개봉 새상품,"690,000원",배송비무료,https://cr.shopping.naver.com/adcr?x=Eblg%2FPRoFm1zmyoEMrDGqP%2F%2F%2Fw%3D%3DsvxSNz55gV8ClBjKhk113nWfKBEOCRpWrCA0YdsXQCddyoYErd7Wx1dfdVO6hh7qVItxk9RircXRpkWzA9TebMsKdlAuo4CRofAy%2FiHp8jqv8RtWXQ%2B4yWv%2FzzZujOpojJ8HYErUipZmFnRR4i6yvUVJi4kqkfrsMaDMvD%2FKMybQiI7B54eM1Z1TkQmq6kEubyaxxRm4H8HcYDi0B3B3iQmfQT7uWwvxdz8nMvhXCKF0KTVEBDoI%2BXjHb%2BS8WzZhfEny3x8NXPUjBPjfbq3ir3QlIoSvKTA%2Ffvxn7nqCVPzyk6v2w9jBqMGR4TTsgYaQnlII%2ByYYqWVu3SSXxcjEJdA7iXepY0WpDA7VpQKEc7dK9Tg0z89PKR1RR%2FG1AEKRWhbyCSSvPR8gf9VUhfaqQfMJ5kRNS1OiHGwoPPuaMj59X%2FUClxRG%2FiE6GIgL9Hk9Y7wmA0mJebi4UzJb7vTbuDIXX71JysfSyYXL2pYxALjjzH6N5zxqs3SNW2xsM3EczyYzOioKwd6FUAKO7l4HTJSYKmB%2BtRZ4ItbMDK6e7%2FXF3%2BcigZv5MKNu5wJL%2FPE075a1iWhALMgcQf1ck30LIkkk4YSRXH6%2Bib26Tqx7ho8LYRqvoV0w10IDU3%2BkcbygE05%2FiL3MWsFcTbnjz%2FZLXrddlIYTONcWXwtsJ9puFX6TV6inirT1j1byUgPQBwrsqDbj2%2FURlNMK44sgsFbuA%2BscgIRCk8vtGb7Z%2FKGMSEdE%3D&nvMid=90887142112&catId=50001519
Apple 아이폰17프로맥스 256GB Apple 미개봉 새상품,"1,000,000원",배송비무료,https://cr.shopping.naver.com/adcr?x=dDE645YyPubtpR3a4frdbv%2F%2F%2Fw%3D%3DsG4EVuYJhldoYAsfXj3vm60fpJ6rZLgwU%2BbYU%2B4J%2BaixyoYErd7Wx1dfdVO6hh7qVyIsmxYcKE5h5CinV%2BbYaVMKdlAuo4CRofAy%2FiHp8jqv8RtWXQ%2B4yWv%2FzzZujOpojJ8HYErUipZmFnRR4i6yvUVJi4kqkfrsMaDMvD%2FKMybQiI7B54eM1Z1TkQmq6kEubyaxxRm4H8HcYDi0B3B3iQmfQT7uWwvxdz8nMvhXCKF2f93PX4P1mJrmhaaembAEKEny3x8NXPUjBPjfbq3ir3QlIoSvKTA%2Ffvxn7nqCVPzyk6v2w9jBqMGR4TTsgYaQnlII%2ByYYqWVu3SSXxcjEJdBx8VGJRPRViVkONyd3pucEYPJwkS4s73Y2fV%2BjoaLE%2BhbyCSSvPR8gf9VUhfaqQfMJ5kRNS1OiHGwoPPuaMj59X%2FUClxRG%2FiE6GIgL9Hk9Y7wmA0mJebi4UzJb7vTbuDNNicwV%2FgEcXk0fabSevP3zzH6N5zxqs3SNW2xsM3Ecz%2B77wDUW2X7LeFUeyZK%2BALLXtYy0EEocFh3VvX4D2pXGzfvJDzKn3yTph%2BZ93Urz0iKbyoHxfuzt%2FP%2Fi5DPytCaOveTh2ZPyei%2BFXUVJUpvkW1ZxqNuVqOl5siHj8oQ6Y05%2FiL3MWsFcTbnjz%2FZLXrZd6IC%2BuLkGqGXPZsm7ZRfrlOMOoZKmf51xDXz6CLU9HmKohBqv03YFjeJiSLaqBcuR79U%2F6Az3gE9mQ%2Flgn57E%3D&nvMid=90912309226&catId=50001519
아이폰17 에어 256GB 미개봉 새상품,"745,930원",배송비무료,https://cr.shopping.naver.com/adcr?x=HcawcwgbiS7jFxtlOd031v%2F%2F%2Fw%3D%3DscR0KhRW3HOTYro5WCwRPoi8AfNeA4%2F6AQuaI3NncMalyoYErd7Wx1dfdVO6hh7qV7Q29vH0m94HHl5owpkMlXcKdlAuo4CRofAy%2FiHp8jqv8RtWXQ%2B4yWv%2FzzZujOpojJ8HYErUipZmFnRR4i6yvUVJi4kqkfrsMaDMvD%2FKMybTrROO4KGPVBUQ1oioaid5zuEG9WfH6Te6BM2aWwMT1BZs0wI%2BjI4EdU5ednfvvXUaQm19DTBWm8pSkqFI4lAViF2egStnT8AI0kJPIyoR466f1TtwrfCJbY53%2FlPUaAWx1V6TT2B%2BOPt4ties4w35o4oTEE5Rg4lOWEsQ3lzPT8DbWCiPcfspTbPwEJoPlC3DKmbjbvZw35gkYmwux0s1%2FMSvaCLwRX3%2BXY1Ks9QlY%2ByGHDvsGQoUHd%2FG2Ez5s1IA%2Fa18qhDQ1A%2FKJp3fgBDor391W%2FC1w5SVs2sYtTdFSeqwSvpeZ3caXPX9gydzRaMi0TqpapHqI5rfKnBxWDix8nKrUh8YkpOVdSSVE2zYi4Hcgde%2F5SeOr3IkFFLeh2uZ5qUE3Tbc6uljWmxYdoFlDoqWTHLXd2xw80eOmjoz75L%2BzoojkWjXUR98MNTjUR4l5PGzBKmO2aXL3EEnbZDKYWu9vd5hDCiVzgc9uk9A3erxSpw5imSAZMzRBzgtEjdPE%2BCzYZNX92AemhTBxmWs25nEpzw7RP19J20wYudWRoVjPHX8h%2BznKAMf2Q6nIyk10fSDbPWacYjnpFef5GzFx5V3S0og9HXo5rev%2FrYdKAxShyC7aY5ntBizu%2FrnOkjsDfkLIyuldBS3f8m8e6nLmzUhNzs2VE%2B%2Bisqs3JAEppg%3D%3D&nvMid=58572682535&catId=50001519
애플 아이폰 16e 256GB 미개봉 새상품,"583,000원",배송비무료,https://cr.shopping.naver.com/adcr?x=jnJcWytnXenwNN1roP6BEv%2F%2F%2Fw%3D%3DsS9xgxuUY6iAr4FGtxCXttLED5zH3UgOt8Z7Wfd%2BcZmMAjU5j3gjlMYsRq8%2BGHFpStDDn6qhECuZd%2FmFQt4bCrjXJD0NsZoE8wg%2BLc2SvDZhHRaISaXjSXtxpkOUV9xcVcpoK6%2B77YaU9jcTXq98hDD5EAmGyaVUD2XXseKFFqlrl6pi1190uKBx%2BypGF%2BxFwhNAWEw0JCsb7LJXBJqKWV9015zgK%2BP5r4ZCysDfiDpVkNvlsbl%2FIlxJbmjZ5TnQ0J4fS9jisOICWJrbJPQQd5RKy3LoYl2rVajvOxbF9h7C54J8UO7LDGXdPU9Do8oyMXmq0wb8nQ9S1CNyVqQgAyKNLLoxU6TQQCWsegJJW30TaJQbfKV2ZaQTqJ1ZG8Z9tG1fUqIZ7CTqeNBeEUiuIjdUGPgRggHKKLvER4Et1UYP%2Be0rsHLbZS5O2l5FSw6hh%2BQaZNgYJHHKeII8hfQtwacczM5m043ExdlfECFZEAsrN81WjUpxJVJrN5mDsz4BpfLqDwX4Z8OBT81rUdqGPg6qSZPNfjgCXxL%2B%2Fp8ytkdfoN2ZRrMKdxH4AP6JuiK6wpZF%2BuO2XY48Pfq%2BTHL6fmr6HXLRo1HCbWsXGCkNBqeQ81Gi44tUFH1uRUKbnASPQ4ScwrW28r9Z8a8%2FIRgUws6Vo8ndX%2BJ3eEp%2FbLj%2BWL0ax6cXkXZwKlsNTsulO5mJbV3OdHgSE8LoEjTx9zpNPbFaRsOtQUnaEEbxBoHxZXOc%3D&nvMid=89835399469&catId=50001519
Apple 아이폰 16프로 256GB Apple 미개봉 새상품,"690,000원",배송비무료,https://cr.shopping.naver.com/adcr?x=GDGz2fTo3vV2enqOzHE5o%2F%2F%2F%2Fw%3D%3DszByR4kRG%2FYo7y%2Fs5qeXe8ZR5OiFOzzZf%2FIRGrg%2FN%2BNQAjU5j3gjlMYsRq8%2BGHFpSXQcAKTKInMQc6v2gz7T5JDXJD0NsZoE8wg%2BLc2SvDZhHRaISaXjSXtxpkOUV9xcVcpoK6%2B77YaU9jcTXq98hDD5EAmGyaVUD2XXseKFFqlrl6pi1190uKBx%2BypGF%2BxFwhNAWEw0JCsb7LJXBJqKWV9015zgK%2BP5r4ZCysDfiDpXRn0ypk6MsSRTI3s%2FTa3As7QglbTaPUVzYF6wxnJCxERKy3LoYl2rVajvOxbF9h7C54J8UO7LDGXdPU9Do8oyMXmq0wb8nQ9S1CNyVqQgAyOwmw35FHHd%2FSvVKHj56SresumBSbbF33g0QkrBmvSXgG1fUqIZ7CTqeNBeEUiuIjdUGPgRggHKKLvER4Et1UYP%2Be0rsHLbZS5O2l5FSw6hh%2BQaZNgYJHHKeII8hfQtwacfNPXFLAXk2jtHFSjutBazN81WjUpxJVJrN5mDsz4BpExR1X1beoq5oOGk6Efw1sTmesDyZvCCGzKSkbYwiYdn3bFWbuyta2k7nv3nrM68KhsPSVDQs5zptLYv92QH5eFD2mZFrVbtUTnaNAAru5PVuejSIxkBDJEj7FWNCLXDTsQocLEGGa0wsleHc2pFkrTjdaEs6kTiGv26S5uqQYwvXXnLBLfiO5%2BNJmdxZJTgg4wHJYgGQomNxyDFh8IFTtstVYavx%2B%2B8fWZa9SBc8rqM%3D&nvMid=90886762658&catId=50001519
[대여] 아이폰17 프로 대여 1일 단기 렌탈,"19,800원","배송비3,000원",https://cr.shopping.naver.com/adcr?x=SgpB9hGumKvnVWdIGqmDDv%2F%2F%2Fw%3D%3Ds6mUh8D39E1%2Bpzbbe2V2r4MO6Cw9pyAcz0bGtVdtqKWdyoYErd7Wx1dfdVO6hh7qVd6BnUhjLhtBPmQsaH4RTocKdlAuo4CRofAy%2FiHp8jqv8RtWXQ%2B4yWv%2FzzZujOpojJ8HYErUipZmFnRR4i6yvUVJi4kqkfrsMaDMvD%2FKMybQiI7B54eM1Z1TkQmq6kEubyaxxRm4H8HcYDi0B3B3iQmfQT7uWwvxdz8nMvhXCKF1F%2FWF1Ef1jJJJ%2FDORBUlyaEny3x8NXPUjBPjfbq3ir3QlIoSvKTA%2Ffvxn7nqCVPzyk6v2w9jBqMGR4TTsgYaQnlII%2ByYYqWVu3SSXxcjEJdKwKbvnHaG%2BOJ1x1Cg3aiGRlP95hzSgLnhRXHXkqokwKQ7nSYHRABr%2B8cv2E54Qo08J5kRNS1OiHGwoPPuaMj59X%2FUClxRG%2FiE6GIgL9Hk9Y7wmA0mJebi4UzJb7vTbuDFlx8yEK7ASz2XN4W%2BgQrV%2FCgyt%2FXXfk08Hj1%2FizOSkECbhru4vNW7EOJESTeIOk6V3SHU7NN7pVYoHmRbVcTCoKfacv9qWO57f6OFoO0%2Bc83YDgbon7uNb1VIMVSIkCfFM3aoTmJ3Z5WOsUKIjucJ2yhOuhPl5buMIDMyCMBB9NBuiD8zrKWTFnwt65uat0Gms2EfpoVWt1SjUhi2Vc3FqDl4jIf2TniWacl8Y8Kx%2BX11SkXvPxCFL9O%2FobcETkVA1QmAmnoJRdq4K9btjkCM0%3D&nvMid=89970471330&catId=50000249
Apple 아이폰17 프로맥스 자급제 모아보기 색상/용량 선택,"1,990,000원",배송비무료,https://cr.shopping.naver.com/adcr?x=JhBqdzR8AibS8vq3JTQLnv%2F%2F%2Fw%3D%3Ds%2BEM6hFmiUXmV%2FBTrLF4OaGokMbOtov1%2BVRjMeOTJKNxyoYErd7Wx1dfdVO6hh7qV9DOOLbwySaJlTPoMfoZlNsKdlAuo4CRofAy%2FiHp8jqv8RtWXQ%2B4yWv%2FzzZujOpojJ8HYErUipZmFnRR4i6yvUVJi4kqkfrsMaDMvD%2FKMybQiI7B54eM1Z1TkQmq6kEub2VNqRRUOojs5WUX%2F32yb5RUWkZ5On5BVeI8cTEGmUZvnx8Aid%2BWslEVnY5aE%2BDqClXHPDWb0ZFzg8vFjsAm34Lt%2BCGdxkcJBKYAQS0VI%2BE0hluH2kw5IEIAuXNnO13ke04kOs4eSY0WncLq1f%2B0if%2FOlIutnUpvB%2F6qNTiqijLV8UhEYv8QrXEkOe5CyRfEbc8vMU1FnelPFgAliajtClASsuJVqkvCUm54YYnYiEnOKx7G3krbJiQXzryuwwOqJVT1aIm7CuKAO9ZbyuSp3xmpTaac%2FtOxZidEweAA%2BMMV%2FlLnJwMa7Bt8R2%2FUDqQrCFQ64n%2B%2BnApEziySbpZdOuzQIZ6Lwg8SFxjJZ2PP6Di8PpsmM6C0yfurc9QqLX91dxUvYN843ByUzyGJACDVJ1AfLHuUDFi9f8gS9CRURJNEhXHOOZMpJ80X5MRT9vzbWX1P0dV8Y5FKqwWvscgTdnj8hsn3vOAxVJK5zK7bMCCz49er9fIdh8VGhQIteNTDUcrOvqDIibSpY85Dq2JF0rF2e%2BiiWQpU2i6IrG8WK0hA7GdMHJYOYFJtZTneHZ9TG1hu6QCPToQ8xHPAV1DhMINmVVgsMQmmcjxwXoIw9IhbB2o5gV3AqCEf0lTZfO8SuPrNC8V5PcadHeGfFARmDrIVsN%2FiAcjmtIwlTUFZwg6A%3D&nvMid=58238239534&catId=50001519
Apple 정품 아이폰 15 자급제,"960,000원",배송비무료,https://cr.shopping.naver.com/adcr?x=2w2Fwfwq13kzzatRK73KvP%2F%2F%2Fw%3D%3DsKGxLTC8FiZZ0zj%2BqIWEOV7O5Q3Z73UQ%2F6U0gilPkCwZyoYErd7Wx1dfdVO6hh7qVZvORtdYYt%2FboGarkEP%2F69MKdlAuo4CRofAy%2FiHp8jqv8RtWXQ%2B4yWv%2FzzZujOpojJ8HYErUipZmFnRR4i6yvUVJi4kqkfrsMaDMvD%2FKMybQiI7B54eM1Z1TkQmq6kEub49gWwo4YAEWGPlnOMWQUB4qPKnSzTV71gbnTAjWaxQ%2BnKrLrl5wIXxDQonmvwmQ%2FfjXuvr2Cw18jrW1jOqVsj0LRT%2FpqKa7hfxa4vku7TodA6uYvM3L5eJFMQX93yf8DBwSu8NyUQtJl7ucH5HotwPMpIH45KUfDW1s%2F53v59Z7Yk2TEsld86f%2FYt3AADW1xUr%2BywnEZcQu4Tk9cuRKPT0l5t7C8StJJh1bisxCSi3BVXemfpmeX70wC2wQT5nyi5pxiwDZPU40LYzhHX%2FcRv51NcK0bjT1tIbzjClZlRSaFBqlYsZUWsJTnzT9yWjaXK98KaIZa4VBE0V5wqYGSTqpwpKk%2BXFjEiXb4IYINLgBf9EpRJOWqzuSqrpdrKX7Kzxmyn192YFGMi3T%2FF3tjdSnhrDjRY6hTsFBnXCnh1BmMHn7BDBNaqXNmoKbAeTMvKED7GuoumO%2BWMq%2Bq75ndHM9TpELSAExpVlpXwNzX8lH7xFUZPxPGk5HFLyJJvRGbB3FXFGqVKSMqNyDYQyaRoc%2B9kgQ%2FADI4tXQ0sem9SOcugiDh5S8n%2B7Rc0MeNuzgd3stbuG0irDpIxwuDnOsdHpEGVrojRrwzDN3wv93fby7ke%2FVP%2BgM94BPZkP5YJ%2Bex&nvMid=55292968180&catId=50001519
Apple 아이폰 16e 자급제,"769,900원",배송비무료,https://cr.shopping.naver.com/adcr?x=6juQwZWLdTIgmxGsl7ulT%2F%2F%2F%2Fw%3D%3DsTYxwlvudiTjqwMkRcdx4DeUReIPtbxK9R%2FJFuxxfZggAjU5j3gjlMYsRq8%2BGHFpS7igRDhgxQoTcReB%2BDXon4zXJD0NsZoE8wg%2BLc2SvDZhHRaISaXjSXtxpkOUV9xcVcpoK6%2B77YaU9jcTXq98hDD5EAmGyaVUD2XXseKFFqlrl6pi1190uKBx%2BypGF%2BxFw6InUdgRJ2eKXcsL2jyhcXKQfvg83DEGAmQ8NhqAZnU%2Bgv%2BZwN8sH4vmDJ29O89xprGarPHYhtkmvq2lJcaT%2F2wQRXeTF5lDFejzS%2BPmJIHWGYJ%2BODj9hpPq84Ratil5b59C%2Foj9djOPnfugkhZLpPVA22dFY1v3%2BqKANGlDulAB9jyMpZl34jCSHGn%2BY89d2c62mxj4vWkn7Elw%2FRhOLLkSrMrZY0ZxP7mwcIpl6%2Bt3L%2Fowdnq7%2Fmfq67OVRzok0S5SJNLgIdS1XFCtZ5GETGECgb0%2FALDAYfKW7qo0N2MZh4t41NSYpvVOBfckB64bZ2HvQrG1q57G6KIPveES%2FyEQoITpGv0Gncp5dRHQw%2FfHx30xr%2BPnS8iFLejmkprU5cpzlb3yOI5sfo31Lf0QQfCbix4HF8AX4PpFuuUjLOY8Aj5VXnIN3kRbNbF2WcMOdxnOKzEe7IQNs9tYyaH5Vg%2FYqzicTWczs7XDNuLySvAldnvoolkKVNouiKxvFitIQcRNbbLrSJlSuJWtoscromUbztOkCfWtR%2BqPa9pf4scyPBimPDZwOttZjcrwUclZ9UHz5t3wwdANg5MyQUfQqEnGVS4Pog4vexKOSrpb2QbFoaKZHilHbuauHUigNM5KA&nvMid=59055219299&catId=50001519
해외애플 아이폰17 홍콩판 물리심+e심 무음 자급제 공기계 홍콩폰 256GB,"1,394,500원",배송비무료,https://cr.shopping.naver.com/adcr?x=2DznLcEsPWZ7bqbLV8Vslf%2F%2F%2Fw%3D%3DsXwoRtzivfHKRfTSnx8OFRt6m7RZc3oExLkHtuadF1URyoYErd7Wx1dfdVO6hh7qVqQYH9svcduGDRUPwaLEJdsKdlAuo4CRofAy%2FiHp8jqv8RtWXQ%2B4yWv%2FzzZujOpojJ8HYErUipZmFnRR4i6yvUVJi4kqkfrsMaDMvD%2FKMybQiI7B54eM1Z1TkQmq6kEubyaxxRm4H8HcYDi0B3B3iQmfQT7uWwvxdz8nMvhXCKF0jvxChFppOeaePThO%2BNi8aEny3x8NXPUjBPjfbq3ir3QlIoSvKTA%2Ffvxn7nqCVPzyk6v2w9jBqMGR4TTsgYaQnlII%2ByYYqWVu3SSXxcjEJdJdfhP2FxsaEks0wSvz9wFMz%2B0Kt2Vg8v8Pmt9T%2Fo3x2BopcmijOZJ%2FnY3%2BRYwO1XkpIo3y3O38e%2B5wJxJ8J2Oe5QKN0Zuk0bZ4sr88pmrnTNcnBvwpEXpTjJMsPg4ea6NHiHnacAG2xLBRkaQ8XkfHAK%2BFEp2ob85bpvvxlv70gL1hmwQoYvL6PK93TTVzk8xSICNZDouEnx%2BA0I34kJojF4pb2SPdS7qhwQijDcA7Unn1iG41UC2jKRtTTkBHzpnOnDS5WqUWnMqm0hyZCn5j3Tz0bKMrv4YDuvvVXZ9aB9GDCO61Gw5EpH6lHfi%2BWNeREeQjhsAy6SBgF0wyQXyPbmMv%2FzpluKan5e%2FWMnEtoI45aWzG06GX0eHL5WZehTmRrSutXJqr2Vl%2FEDZkcW%2F1Xr1FQirjMPwL%2BRYfwS5TKQdAiJdwXirBRdnaxfvrBbw%3D%3D&nvMid=89926063437&catId=50001519
아이폰 17프로 512GB Apple 미개봉 새상품,"1,108,380원",배송비무료,https://cr.shopping.naver.com/adcr?x=%2B7A6iy3iak4f1N%2BOmLHrJ%2F%2F%2F%2Fw%3D%3DsqhCZJH%2FT%2FTjtp5g%2FVNKunZpwg8bYRlyiSPZUiUnREJjxTAJR5s3V3RheLYZrm3hTzdUDpfxWN0VRhgISpK%2FacGg6HabDTRx466CGciRiUnFBZuMfzSBinsMMtj7lqMfUyO7ChwrCmh81FSu7iB2mRNDkFMhuDiVGpV0%2FnH3Byg6KPRaB75CpZSI3WOEfpRxJS5G4KtrRXqRZ0hITbmR3wVn4YPY3GsvgsJRzQXSBeWl51CwmpZLLmlld7leLaP%2FANiN8wDt2BLmZCNhior7fj9WNBZtyPgX5EPzN%2FuIrf7fKk9qMPrIqfC6xCoSmeVNzlLXJ3rYI6ntmWhR%2FlnQMZL5FKy6XHO5mH3WSv08OQHY7od1zM05WJiQ%2B8GcqpIUnErLcuhiXatVqO87FsX2HsLngnxQ7ssMZd09T0OjyjIxearTBvydD1LUI3JWpCADIJHGPcyS%2FtnXW1RGQtZdvAW4L9HQASs5Pr6HbyqEO%2FzaFvIJJK89HyB%2F1VSF9qpB8wnmRE1LU6IcbCg8%2B5oyPn1f9QKXFEb%2BIToYiAv0eT1jvCYDSYl5uLhTMlvu9Nu4MTko68ERVi2yl%2FVrWQWpOFkhr8gNzKOHXlFA3kgznNpNZ2DvaU%2FkCZLVc8zj7zeorgmdGWpH7lOakf3eb7ThakfwD9FqBCNnMrMJATV%2FJyhZdnvoolkKVNouiKxvFitIQiwdf4kMqRVTA3AKMW7CQf4OeSJ2tND4yMNaTsXtlCjqPBimPDZwOttZjcrwUclZ9oL%2F7qsyq7qG9tanBWOyXGr9bfkM30rCCOCCeTFVx44JoaKZHilHbuauHUigNM5KA&nvMid=58489812226&catId=50001519
애플 아이폰 16 프로 맥스 256GB 새제품 미개봉,"1,280,000원",배송비무료,https://cr.shopping.naver.com/adcr?x=98HpGQMU42mFJxHOPD0dbv%2F%2F%2Fw%3D%3Dsex4qQJ1O%2F%2FCdHQpQAeO%2BUQ%2BPTVCHMiTxP6WaPonej5AksXwEH1Ig1UJg2fSjEwkD%2BMGdacgyRU4guwHg6LBEpVsZOinTopHxyAyK2u%2FTy%2BjYsfDmngMDc30arSUbghlwq5VMLIRbaNVezUOB%2Fg5MB8CdenufrQRP1qQIAs%2FmC0hbsXawwZTklAL643SnsgoSxUiFRNirYnXAXhdwoPYA5aQ4Ddlq14b9jx4rHBfUTQ1SDIm5jnt81MOS658SLS9WOYB1cSDtSb7s2sjfeVrIz7Vnc7wcdqfCv3q5loMbcZIHs%2F2PHkpmvWjL2qy1nHubhVydvm5rA5Ex9N%2BWl1Ek%2BQn8ul3wi21B1TkyECMrygXHvY%2FUzN94OzIr5wG3PfiAX5BUVVdkrY3zQ9HOtfA2xB6%2BFI8vI3drUrKyEx5jUoOhUQIn8FmDSz%2B5ydwN60JLp%2Fg0MDKonCi861J4bjy1aslWTS4cKDPU3dfPCNuJEsmKqlKvy042cgqEN3oNYZa7%2B%2BWOfqwD9uGfTFomnkEp4TwCdx9PdPAd5m7xA7JzEJV%2BIYYoRIYE2M2aKuXJ0HnIpfINA%2BiOzyAWewETB%2BqkSw7h3OaQcu5Y0JXbzh3PI8me%2F4cHyvd34uELoi8TW8nUy%2F0zXg4nm4VnHbjmbnBVqWueKcOnCqJVLGZtdExhNmToMa%2Fa3SggFx0Is9es8bhPEvgXmcEh7RgwwdEn98FjJgau4fTwOUqyF63FjwpQRls%3D&nvMid=89711759353&catId=50001519
아이폰 16프로 256GB Apple 미개봉 새상품,"814,090원",배송비무료,https://cr.shopping.naver.com/adcr?x=v0b0IvhI1dJY7tuNG4rDGf%2F%2F%2Fw%3D%3DsRGKMT4fnbA6wo2GshaGoXfgXO96kr5sP7z1P5%2BOg75gAjU5j3gjlMYsRq8%2BGHFpSD3ZnOljE1tec1vixJBnNxjXJD0NsZoE8wg%2BLc2SvDZhHRaISaXjSXtxpkOUV9xcVcpoK6%2B77YaU9jcTXq98hDD5EAmGyaVUD2XXseKFFqlrl6pi1190uKBx%2BypGF%2BxFw86k8cABegJR%2B1SSj2e%2F0oZJ%2FOgGCyGKY9VVNn1Hm0TYzjeOg5eZGBJjouOds%2Bh7JFOjygacoNtzbKjYQ1jLSD5YU9vVLAk%2Ban5%2Fl8VgH%2F0h%2Fa%2BYgLvEhZB6L4mu1RVPsafG1XbewK9ubVcEB9KkD%2BbLUG67TDJ1VcCCUrDWT6kiQI9ppe2SQLx%2BE5glvTvmgRKsytljRnE%2FubBwimXr63cv%2BjB2erv%2BZ%2Brrs5VHOiTRLlIk0uAh1LVcUK1nkYRMYqMWdA5ukk%2BTR4rVtZRj7%2FYsFs5zD%2FHntT1%2BXa4rTYcbqdi3Q%2Fm8V2A5jR123nAwZSxw7Ts7uFuTSc%2FJk%2B4trK9NtsM8O6CZ16uAGmVwSx1hcLHrSl9zS%2BXIJT5rleK4KM2qIJYfTeR4d6Mm47IC8DiRhwxE046jfkZm6uYXUp0JEArDLaj6vrPEsYuO3bG7B4GHmvnvB9jzsv7sHH8KFLbT97h%2Bd433ygjRauxXRXKHE%2BCzYZNX92AemhTBxmWs2ktC5U3x8pAGnOUH2mrc2t47v7t0CeL8B6t5mKzA9Y%2B7Ckd2CpQ%2FahgJeoF%2FR72Tud34fSqGjYfzUp3bDz11E33LGg8IaucRufF89jprYWupWhZ3SMHTcLlpircdRzUgq1JIslBmdxaTx7xO1%2BPPoWw%3D%3D&nvMid=58489811341&catId=50001519
아이폰 16프로 티타늄 256GB 미개봉 새제품,"944,000원",배송비무료,https://cr.shopping.naver.com/adcr?x=L%2BKxv7JvdcE3LRC4nFQWhP%2F%2F%2Fw%3D%3DsIWuLDjiiwz9OIvIEIFcO55JOt6PCiqDx4qkZf8jHOMQAjU5j3gjlMYsRq8%2BGHFpS1bfbwx6XawyTi58KqfwKjjXJD0NsZoE8wg%2BLc2SvDZhHRaISaXjSXtxpkOUV9xcVcpoK6%2B77YaU9jcTXq98hDD5EAmGyaVUD2XXseKFFqlrl6pi1190uKBx%2BypGF%2BxFwhNAWEw0JCsb7LJXBJqKWV9015zgK%2BP5r4ZCysDfiDpXiNALMiKby3kxgihhpXGOPS9ek5x%2FomouJ7sUMA3pawBKy3LoYl2rVajvOxbF9h7C54J8UO7LDGXdPU9Do8oyMXmq0wb8nQ9S1CNyVqQgAyKd27eD8KcNEbJSnNhmLkjRE2BkSS6REXZ4oQPOC0pObG1fUqIZ7CTqeNBeEUiuIjdUGPgRggHKKLvER4Et1UYP%2Be0rsHLbZS5O2l5FSw6hh%2BQaZNgYJHHKeII8hfQtwad29WtiqJIYcrjZUt9daww7N81WjUpxJVJrN5mDsz4BpCQgxdKxoYGXv9aOAqsrZa0nQUOHisgEiRED0JdNh4%2FyjBo8QhsP%2BxZsvarCtoxkQahPnKfD4cIBR7086u5U15QOzqOoJ3x2OiLfGNx4xZB%2FVrh3tXPVuAMpvPIrmhwjsD%2B1GzYyCQAVsDO6ulMSbloPu%2BFYV3QoxjTdeOLhWe%2FMtan2l5gAXIav0UHGtekN%2Bn1aidtZvRFs5mU00SYr9Sw4SwcLvxUEucVmH%2BcOht40%3D&nvMid=88900069890&catId=50001519
아이폰 17 프로 맥스 256GB [자급제],"최저1,990,000원",배송비무료,https://cr.shopping.naver.com/adcr?x=6vGC5uAF7CBtw%2Bnz0XUz3P%2F%2F%2Fw%3D%3DsD3f7EBVn8YnMSkCdbmBgULnPen4JEkZRxqxg%2FNd20eJyoYErd7Wx1dfdVO6hh7qVbHOwp9hFJnXXCmvxPC1FD8KdlAuo4CRofAy%2FiHp8jqv8RtWXQ%2B4yWv%2FzzZujOpojJ8HYErUipZmFnRR4i6yvUVJi4kqkfrsMaDMvD%2FKMybQiI7B54eM1Z1TkQmq6kEubhmeWtJmvw8M90EK%2Bzy5a114nEdwofithSFzlLG8az9DIVQ91h5S%2BQvV9MDm9A13fIk7uNvEAL%2BEcmclsT2kPbblIRP%2BZOH7CveIqcMav0VFCOWlOtGXo%2BBrAFlQod7x8IYcO%2BwZChQd38bYTPmzUgD9rXyqENDUD8omnd%2BAEOivf3Vb8LXDlJWzaxi1N0VJ6jLcLCqYP%2BqMk5mTMzCY4BGovNxFWzA781dOsDXmXgY0GilyaKM5kn%2Bdjf5FjA7VeSkijfLc7fx77nAnEnwnY57lAo3Rm6TRtniyvzymaudM1ycG%2FCkRelOMkyw%2BDh5roMULqvQbHRqC8Wxpd5kJqbpw9%2FDMX2S1ZzF2txO07wpSHt5FeG%2FH7Xww%2F%2FMuALSol3ON%2FT65xeUEcEtz0M2GJuO5jnTGDpKGObFTyhFRkGDQh%2FVwq3cfKswvnHmiQUm3Ci1sGViImvOb8yZFWuabkEn1fn072wL5FpipAFGG%2F3wUlz0uW4mVx6DjXbDa%2Bm1Sujr%2Fvhuz%2FM2bOeEg7k3nONd8k5ovhuJti8YhiQapOGuq%2FW35DN9KwgjggnkxVceOCaGimR4pR27mrh1IoDTOSgA%3D%3D&nvMid=56666180942&catId=50001519
해외아이폰 17 프로 iPhone17 Pro 홍콩판 듀얼심 무음카메라 자급제 256GB,"1,897,000원","배송비100,000원",https://cr.shopping.naver.com/adcr?x=M5iW1OdiNOWKiIW582GtDf%2F%2F%2Fw%3D%3DspqBMkY%2FP%2BP8ejIpmqn6Qx1R%2BdmxisxaJgzPpAxH%2Bi77xTAJR5s3V3RheLYZrm3hT9rjcAWXTl%2Fo3z%2FyFw8fxd2g6HabDTRx466CGciRiUnFBZuMfzSBinsMMtj7lqMfUyO7ChwrCmh81FSu7iB2mRNDkFMhuDiVGpV0%2FnH3Byg6KPRaB75CpZSI3WOEfpRxJRL6iu0rN9ANYEXkZX8p%2BoSEm%2FeWMmjv1VUimPr%2BbdY5FOLX7kkhKy3XF9O143h34sTI8bIxdYyvxc0HuaeM0bf54B1aDCVJ%2FaBI6h2dlIjAQhkkHXK4%2FmSRy5icYE%2F27nXOSVCysSuaF7Of2P30WF3X8MNC2SAZhqS1NBz11ZETf5TRm4ebkeqR55xTMCpWjnKrUh8YkpOVdSSVE2zYi4Hcgde%2F5SeOr3IkFFLeh2uZ5qUE3Tbc6uljWmxYdoFlDDzLbW8PngFQz89HpsPGTE4PbN96Dh6v5aq4ccMjpbNJ5PGzBKmO2aXL3EEnbZDKYrD7WiYvTV1Oiz6zxWzLbVo5wDByPDLSNUVVDr7tgqcXc460BHreetGGo1RLELQTF93tPlUXRfIHjttRRMOhoimGJdnIuyu5Sg6KKFDWB1CXoXNO%2BHGCipkh0RKbTL6J3lmWdOV%2FVn%2FPBr%2Bz5q4LwLVAXX2AboRkU220VL%2BZpnLHDGmtzZibpCDqPl2WTOjvnIrsyML0YudnSZNM9%2BwwDwziVueASJvikyDHyjMFQ3YwDfkLIyuldBS3f8m8e6nLmzUhNzs2VE%2B%2Bisqs3JAEppg%3D%3D&nvMid=89923435612&catId=50001519
Apple 아이폰 12 mini 자급제  화이트  64GB,"348,000원",배송비무료,https://cr.shopping.naver.com/adcr?x=IFfpAvUTnhZngujufVjIq%2F%2F%2F%2Fw%3D%3DsexKax83ADtvRg8UPjaYobCpLNflVftTkSK0zc3mgo5oAjU5j3gjlMYsRq8%2BGHFpS2LJF8dLpNBKtdW873Mo9GDXJD0NsZoE8wg%2BLc2SvDZhHRaISaXjSXtxpkOUV9xcVcpoK6%2B77YaU9jcTXq98hDD5EAmGyaVUD2XXseKFFqlrl6pi1190uKBx%2BypGF%2BxFw6InUdgRJ2eKXcsL2jyhcXKQfvg83DEGAmQ8NhqAZnU%2FRnZ5jPvtL6YwelShhR%2Ffq2nVKk20VAIZmBPr9yMIHa0MX1IzIbPCJwMgNlVWlQLIQLBVIqpv6Yug2XRXupBkLhaJJC6hiArBIeQtu2qJeB5M%2FRC99MJWo2UqK6QUTiPLZmdn7%2BwU8ox9SFk9sQPFlHLB5YIz%2FfibuxySEjYfAATForf4nGUgPwiv53t%2BtlmqAbCY81f975eS5nfR25FBiP83WAv8GAIoQ0MwLPWeb%2Fc9Hni1tB33JACQEAdtxL%2BiFBqlYsZUWsJTnzT9yWjaXK98KaIZa4VBE0V5wqYGSTqpwpKk%2BXFjEiXb4IYINLgBf9EpRJOWqzuSqrpdrKX7Kzxmyn192YFGMi3T%2FF3tjdbx2CL4BNef3N%2Ba71nmcnUKMHn7BDBNaqXNmoKbAeTMva42dsZkAW0k6UtihrcbVeWMRs4WP2Oj4LT107cSd260olJq0o9GWhNwyKpARwzEvPClkwK55CDvIskHrnU5AZmL2AdY4iTszfiflby1P4HACpsxafJce7LybgrQCmbSAjwYpjw2cDrbWY3K8FHJWfa5C%2Fcx1mdRvhHvnDxrbDXInGyoLt4LfAnxvqP9m14C%2By1Vhq%2FH77x9Zlr1IFzyuow%3D%3D&nvMid=59440054535&catId=50001519
해외아이폰se 아이폰se1 공기계 모두의애플 se1 골드 WIFI 16GB,"116,500원","배송비16,500원",https://cr.shopping.naver.com/adcr?x=nBz8%2B6ncXaAV8dFrYwEuyf%2F%2F%2Fw%3D%3DsrJhQrlG5gW8%2FmqiFoUfHk%2FHimAaKskcftkvaFYDsV8VyoYErd7Wx1dfdVO6hh7qVTufVUpo2kIp7xA3JySuCc8KdlAuo4CRofAy%2FiHp8jqv8RtWXQ%2B4yWv%2FzzZujOpojJ8HYErUipZmFnRR4i6yvUVJi4kqkfrsMaDMvD%2FKMybQiI7B54eM1Z1TkQmq6kEubyaxxRm4H8HcYDi0B3B3iQmfQT7uWwvxdz8nMvhXCKF1hi0pLwAgtnkt5HNVqPmIGEny3x8NXPUjBPjfbq3ir3QlIoSvKTA%2Ffvxn7nqCVPzyk6v2w9jBqMGR4TTsgYaQnlII%2ByYYqWVu3SSXxcjEJdASChlU0rus0wRep4NCRLutS16Yk0FiKJZL2GGqNXUNLah%2B2aTlGxw2OAZIIDw5q2HYgr%2FCGiHKkVu0zZ9D33nXj2kutq5IvYB%2Fr6DiZSdKwxj2%2BueGD0V%2FODm9APc17NWgVpX4ru9Q4VnOalnsaQyBeXs8JhKr1w%2FfTQog2lGikPsFjky1KiWUTDRuTCp4HuzihJ8mRbLYeZ4CZdwrttex%2BP8T%2FvfOz44yUp%2FQPNNnf7pI5BBzMcuPmm8p00x%2FGfcQy8icjRcRRruJ9pppEqIGhZ6xkfhPsbDW9i6JTueS4pqrEexe40V12iHqSXVY4gEPPpLNuGOu%2BDi8v%2F8vghkyRSSrnIHRFdVhtjJTDMWFaFZAW%2F9ZWEh8MXjATjRJZi7y7lIIRjo6nYXbn5L7h2UtB0CIl3BeKsFF2drF%2B%2BsFv&nvMid=89679698641&catId=50000249
Apple 애플 아이폰 14 128GB 미개봉 새제품,"587,000원",배송비무료,https://cr.shopping.naver.com/adcr?x=aXPd2czGrx%2BWJc6kuWWR5P%2F%2F%2Fw%3D%3Dsz0VAccxhWP%2FVrKBtIUmUs2eP19EX6BAREaOGOnlMYhNyoYErd7Wx1dfdVO6hh7qVJbpvHgTrLYSb%2BX0%2F0SjNVsKdlAuo4CRofAy%2FiHp8jqv8RtWXQ%2B4yWv%2FzzZujOpojJ8HYErUipZmFnRR4i6yvUVJi4kqkfrsMaDMvD%2FKMybQiI7B54eM1Z1TkQmq6kEubyaxxRm4H8HcYDi0B3B3iQmfQT7uWwvxdz8nMvhXCKF1y%2B2JDLvsLnZoC2AQByLsaEny3x8NXPUjBPjfbq3ir3QlIoSvKTA%2Ffvxn7nqCVPzyk6v2w9jBqMGR4TTsgYaQnlII%2ByYYqWVu3SSXxcjEJdMraZp4Scqe7tBFt4zQGdQOmMX1628vGs3d8Fv2L7KTUhbyCSSvPR8gf9VUhfaqQfMJ5kRNS1OiHGwoPPuaMj59X%2FUClxRG%2FiE6GIgL9Hk9Y7wmA0mJebi4UzJb7vTbuDNBSmgnEWv4rjwvIWovYXH3zH6N5zxqs3SNW2xsM3EczzWEAAvAfCXV8J8EBeiSYUABH8tl2zMw5ORFAx5CRhyPThD6OZg8FWVlyFXmLCR5RbOJEpyFE%2Ft7cEbAgiUS3%2BQbsn3aPCY5KiTywe4zJFkQEGLfwMRS%2BZVjBuOoYpZYBTiItXHG6Hj2cLIrg8oeY37UYNSUohHlcf82cZ8ZQo%2FGknnfaDCCaHrflPKzK0EK%2Bb1NmOoRBMBsXNQGXzjfbC%2BFUQB%2FrDAzm2q1KHRsHkfE%3D&nvMid=89878263762&catId=50001519
애플 아이폰16E 128G / iphone-16 E / SE4,"530,000원",배송비무료,https://cr.shopping.naver.com/adcr?x=NDF048hK8UbafubvZBu7ov%2F%2F%2Fw%3D%3Dshp8YkqLPeF%2FjKLLsz%2B7BKN6z161uhqG6td8%2Bs3jGxyIAjU5j3gjlMYsRq8%2BGHFpSIp8%2BD2lf7NZKyFt69W0YOzXJD0NsZoE8wg%2BLc2SvDZhHRaISaXjSXtxpkOUV9xcVcpoK6%2B77YaU9jcTXq98hDD5EAmGyaVUD2XXseKFFqlrl6pi1190uKBx%2BypGF%2BxFw9ET7et2EVoK3e%2FjN%2B1okdw2aTib2HZxYthgQwcsL0fNnsI%2FJ744xpxY0Atc8v6xR3Dgtggf2YVQlVfnSTNeSi7E7fwNCxnuVDOIMBNOpedxEqzK2WNGcT%2B5sHCKZevrdy%2F6MHZ6u%2F5n6uuzlUc6JNEuUiTS4CHUtVxQrWeRhExj3Gv9S3Lbs4T%2FVqdyteA4OlRyfkX3rKpmkXVmVCsO6Qlw1k3kUXjomqDt8NY2PkJo26SzTrxWnV%2FJ8smUj5aON022wzw7oJnXq4AaZXBLHWFwsetKX3NL5cglPmuV4rgpifArFWMaq6%2BdnQR%2BQdvmqFLMux8d2ZJU29DLR3gsFRO0O7wm%2B67JkV415rrRl2Kn4NQ4s2zu4QjcHdGzkjjkL%2FeCQIwjJ%2BqMSyQTLE%2BxZET2PAjbTslExZmio5JEZonWPdZTvNWWtGLixAem7bSpw1btJQkaazv5gO1wpGaW3to8GKY8NnA621mNyvBRyVn3pJJV7xUAcNYQBKyilZrVyZ%2FvFP5CMX0ZvYqRV3TnFCWhopkeKUdu5q4dSKA0zkoA%3D&nvMid=56871423719&catId=50000246
해외아이폰SE1 올인원 풀박스 공기계 세컨폰 스페이스그레이 16GB 베이직,"86,000원","배송비9,000원",https://cr.shopping.naver.com/adcr?x=8J59fKMu03ZeHzHqoo1zFf%2F%2F%2Fw%3D%3DsrKEUgPt2gH2R9ROf2mNtdPcplUseQ04gxEm%2BwUKKCmxyoYErd7Wx1dfdVO6hh7qVpE8dGY%2FiUd9tSoeEAeqw9MKdlAuo4CRofAy%2FiHp8jqv8RtWXQ%2B4yWv%2FzzZujOpojJ8HYErUipZmFnRR4i6yvUVJi4kqkfrsMaDMvD%2FKMybQiI7B54eM1Z1TkQmq6kEubyaxxRm4H8HcYDi0B3B3iQmfQT7uWwvxdz8nMvhXCKF2OG4kvNNg0q07LUoJufKrMEny3x8NXPUjBPjfbq3ir3QlIoSvKTA%2Ffvxn7nqCVPzyk6v2w9jBqMGR4TTsgYaQnlII%2ByYYqWVu3SSXxcjEJdBSbUr9%2FDGYOuA5jnPVXcyHddI7e0extTSmXkpq8OdKsQ7nSYHRABr%2B8cv2E54Qo08J5kRNS1OiHGwoPPuaMj59X%2FUClxRG%2FiE6GIgL9Hk9Y7wmA0mJebi4UzJb7vTbuDCGpOrGUiCqZVOuI6XuNtlpIa%2FIDcyjh15RQN5IM5zaT4gA4C0nc0jWPxNWsPcTQQyqWRa%2FsMxGpWA4YmnD1%2FQWSki8gOiYhklQuj3idK88sQUY%2BZ7QiIwQWCcY3DuJAqbDcNveoelHHtEaNajK4sLmKRSFazS9M%2Bd8QoAKCrTRlDNJOrbZ7UfTlfD4Wj9JPp%2FIao1kBUjvHUBhdX9ehWRuQCU4rA9qEITJh30T6VqaOwijyI%2FBXYXgCtwJ0UHlzzUJvKHQ5Rx35Ebd8fkoJjLzJXD51Ftp4FkrXQt1uw47ugqgOvq6z5EpEI5N2xav1Mg%3D%3D&nvMid=89304859650&catId=50000249
아이폰 15 128GB Apple 미개봉 새상품,"643,000원",배송비무료,https://cr.shopping.naver.com/adcr?x=E48gHF5JgRxa1Utl5bZVOv%2F%2F%2Fw%3D%3DsUNUoz85C8GzRsrzf3r8TSMc0OyuvYIXvB4%2Fph6PEYeJyoYErd7Wx1dfdVO6hh7qVBxawLHIj%2B44TH4EcJ8TS9MKdlAuo4CRofAy%2FiHp8jqv8RtWXQ%2B4yWv%2FzzZujOpojJ8HYErUipZmFnRR4i6yvUVJi4kqkfrsMaDMvD%2FKMybQiI7B54eM1Z1TkQmq6kEubyaxxRm4H8HcYDi0B3B3iQmfQT7uWwvxdz8nMvhXCKF3zZaEtNruVeZwM9DMDGM8LEny3x8NXPUjBPjfbq3ir3QlIoSvKTA%2Ffvxn7nqCVPzyk6v2w9jBqMGR4TTsgYaQnlII%2ByYYqWVu3SSXxcjEJdGpZGosjStUzn9tdI8mng%2F%2BlLTfTPK2Cs6wpNeI1NSnjQ7nSYHRABr%2B8cv2E54Qo08J5kRNS1OiHGwoPPuaMj59X%2FUClxRG%2FiE6GIgL9Hk9Y7wmA0mJebi4UzJb7vTbuDKUJIbirmMnbKYi7YgaqX8pIa%2FIDcyjh15RQN5IM5zaTZV5g8oaEYD3pXg%2BnNC2WwrKTKVxXYognrfKYVcticUzcxay9fuDTcTZ6FC46rM85TPFT65Wx6ZF1vbwmOnpmV8oGFWjVqOm1zaR21Nz5oaxrWNLxRrWHCJoudYzHCivGDD0BRu4QhvJ3Nkvg1P%2F1vJAKGr57UT7S7IR8lNjvAVtao%2F0GjGSYVVG82Tpi%2FP1DaGimR4pR27mrh1IoDTOSgA%3D%3D&nvMid=88646726618&catId=50000249
아이폰 에어 256GB [자급제],"최저1,431,000원",배송비무료,https://cr.shopping.naver.com/adcr?x=GX1PV9i%2FLSXD3tOha0D01v%2F%2F%2Fw%3D%3Ds5RhYzGre5zvswKHcZl7OvdsogIJzFj8CJ%2BHgoyDp%2F1ZyoYErd7Wx1dfdVO6hh7qV0ezlfk%2BwP9xHwfj%2B4K298cKdlAuo4CRofAy%2FiHp8jqv8RtWXQ%2B4yWv%2FzzZujOpojJ8HYErUipZmFnRR4i6yvUVJi4kqkfrsMaDMvD%2FKMybQiI7B54eM1Z1TkQmq6kEubhmeWtJmvw8M90EK%2Bzy5a114nEdwofithSFzlLG8az9CgxMQMkrUw3qRsdYcLeGg2Ik7uNvEAL%2BEcmclsT2kPbblIRP%2BZOH7CveIqcMav0VFCOWlOtGXo%2BBrAFlQod7x8IYcO%2BwZChQd38bYTPmzUgD9rXyqENDUD8omnd%2BAEOivf3Vb8LXDlJWzaxi1N0VJ6hf6gp2v7OG6un2MtgCUv%2BGovNxFWzA781dOsDXmXgY0GilyaKM5kn%2Bdjf5FjA7VeSkijfLc7fx77nAnEnwnY57lAo3Rm6TRtniyvzymaudM1ycG%2FCkRelOMkyw%2BDh5rolo68s%2FIdKCg2dxSjQONXNpw9%2FDMX2S1ZzF2txO07wpSHt5FeG%2FH7Xww%2F%2FMuALSolp37SU4d%2F2iNfcaEsKAId%2BiLkdKvOGEI4xa5d1nG8Ze%2FeHhfGsw0pPVaAjNZwg1jOE4Zwl7qS3ObUYkTjSOh%2B84vmWZhhgwdAvk1DO6V6EZ6dSlPOZBN6V54TTL6u%2FzFsvjF2M%2FTZQdCuPAs%2BwqplgXtFYG9VMLyCyKGWL7vx4WUDfkLIyuldBS3f8m8e6nLmzUhNzs2VE%2B%2Bisqs3JAEppg%3D%3D&nvMid=56665469844&catId=50001519
Apple 아이폰 17 Pro 자급제,"1,790,000원",배송비무료,https://cr.shopping.naver.com/adcr?x=m8NK3MhCzKjDfA2dFqzll%2F%2F%2F%2Fw%3D%3DsmQ8ro%2F%2FFY6ALHrcgjR0M%2FVoLuMJ69WQMRwAhgF0NWgEAjU5j3gjlMYsRq8%2BGHFpSrOX9ihG7PmGgVtPAI441xDXJD0NsZoE8wg%2BLc2SvDZhHRaISaXjSXtxpkOUV9xcVcpoK6%2B77YaU9jcTXq98hDD5EAmGyaVUD2XXseKFFqlrl6pi1190uKBx%2BypGF%2BxFw6InUdgRJ2eKXcsL2jyhcXKQfvg83DEGAmQ8NhqAZnU8%2BKxHL5y5MbSNWEy0lx%2BHHN7L9C4S9%2FVjcNuOAmYta1i%2BF9Q9aEHyWRh2VIRKzqDBUTXaUta3ISHGpXiZhViIrqxcqfavoHOtpoAYd9GNsXbS8AB4Vcc%2BnjPlgcmULfrkrae1bqyZFEKpq0VpS1%2B4Bc62mxj4vWkn7Elw%2FRhOLLkSrMrZY0ZxP7mwcIpl6%2Bt3L%2Fowdnq7%2Fmfq67OVRzok0S5SJNLgIdS1XFCtZ5GETGNwR29XYKAQxt7ZC6wpCKNIpyEhb%2FTjhR2Lac8Uv%2B3Pz2HvQrG1q57G6KIPveES%2FyEQoITpGv0Gncp5dRHQw%2FfHx30xr%2BPnS8iFLejmkprU5cpzlb3yOI5sfo31Lf0QQfKbQwU4dSNrj7VlpCddI040bGD519a5HB55Cq6g3dK0cxnOKzEe7IQNs9tYyaH5VgzS5DZWjJLqAEbRDwNkEb6f7xFUZPxPGk5HFLyJJvRGbfwM8FyLVwomjcmB3sO1mi27tnzBNRmZkkp4DuIvp3aRlNzdJFgkoR1MOL3Zb6EWFdclAtmK2d9P%2FCA5mrVPxrAIliQa5Gc%2BRgnaD%2FdmjQrtXc50eBITwugSNPH3Ok09sVpGw61BSdoQRvEGgfFlc5w%3D%3D&nvMid=57160310198&catId=50001519
Apple 정품 아이폰 15 자급제,"1,090,000원",배송비무료,https://cr.shopping.naver.com/adcr?x=x8C84jnEOu3tGurgRbOC8%2F%2F%2F%2Fw%3D%3Ds%2BSsYMwHqkq1IrVMIDKw8881VZfHtj0IRXq%2BlpDTfhOZyoYErd7Wx1dfdVO6hh7qV539T2fTFOD1UsRCI02C2EcKdlAuo4CRofAy%2FiHp8jqv8RtWXQ%2B4yWv%2FzzZujOpojJ8HYErUipZmFnRR4i6yvUVJi4kqkfrsMaDMvD%2FKMybQiI7B54eM1Z1TkQmq6kEub49gWwo4YAEWGPlnOMWQUB4qPKnSzTV71gbnTAjWaxQ%2BnKrLrl5wIXxDQonmvwmQ%2FfjXuvr2Cw18jrW1jOqVsj2RffMIj93qRVLUag4OVw%2BNyPlyMW09ycLcyOmqkpSfWtVmore0aAN0Rjz%2Fx8FCOwjtW638Q8RM3b5MXTh7WryBOPGe05KZH0ALl0enjN4TnIlNCuWkvNG9rq5q%2BLzLKEwXAA2Fgq%2FurDrDZg9RAkIPDpmNu2Rs3tEPrV0ZTODsbWqyaFa2xLbpwGCJChqMDqll0DumoFg%2FBB1JFJ%2B41NDQVmlmJE4%2B8afSr8xs%2B%2FmXoG1fUqIZ7CTqeNBeEUiuIjdUGPgRggHKKLvER4Et1UYP%2Be0rsHLbZS5O2l5FSw6hh%2BQaZNgYJHHKeII8hfQtwaQqWQ7TuKdX%2B0%2F8TeXZniC%2FN81WjUpxJVJrN5mDsz4BpGxH%2BBXxVysUQYyYLOjRZSVR8Jv7NDbIx7YclqpCZ8G4eu9PSvVYZRPMw55ijdbnvtTNa6P1OAWiJ3ps16qu%2BzBRHrQRJ5PmCJChvaS%2Bm83R0fSDbPWacYjnpFef5GzFxFVa8OmTyumk9Cvjm%2BzArtzQedp4Y0Ae97eneojXeCwYDfkLIyuldBS3f8m8e6nLmzUhNzs2VE%2B%2Bisqs3JAEppg%3D%3D&nvMid=50864833884&catId=50001519
Apple 정품 아이폰 15 Pro 자급제  화이트티타늄  256GB,"1,248,000원",배송비무료,https://cr.shopping.naver.com/adcr?x=0kvsgUY%2BQ6dkgk66CJAJ%2Fv%2F%2F%2Fw%3D%3Dsqn2z7RN3cDCuGptb73ruboNbg5bIrxgIWPzl2Ol6MxIAjU5j3gjlMYsRq8%2BGHFpSC9InSvSNqWm9wx5RZwsIaDXJD0NsZoE8wg%2BLc2SvDZhHRaISaXjSXtxpkOUV9xcVcpoK6%2B77YaU9jcTXq98hDD5EAmGyaVUD2XXseKFFqlrl6pi1190uKBx%2BypGF%2BxFw6InUdgRJ2eKXcsL2jyhcXKQfvg83DEGAmQ8NhqAZnU%2BvNhfMVwv5qRsd8T6jCZuzxHQufJ%2BQnN2Uoaz7k5TUn%2BqmDd0iKQnUpATolOvIkRHCtJ7JAXYn%2F4KMtlBnDzwHEYUv%2F6pSdxd8YyBpTC2eApZ6SzFy%2F9g3lwMWncKMgK4Hu1JHRhl8Hlz17ULLnnGWv4FaYB2UibMqFzTOxXQFNwXAA2Fgq%2FurDrDZg9RAkIPDpmNu2Rs3tEPrV0ZTODsbWqyaFa2xLbpwGCJChqMDqvsg5R8DnfFvq3mEbXuStpYfTN23E7jbw30M5OP81eDCDG4evy%2BM13j64UYOnhTyGVCFSlGK0rUH9Qaq%2B454u5DUWFNx%2FSoVk%2B3Z%2FDAkdRTVmBxehVBQ1yVoxbl9xtY7lbciQ5x3hAFF%2Bbuxeluhj33cEUMk%2BYg0ZV3bZSl4pTyynHaz58n1lP07guK2BUJsFk1dMqRkTUajmq26S5RXb8MoG6zquHxZXIudlsUOyL%2FwCrsMo83wijuqujjqnnRdVxI%2BJt37eK8aA%2F3Dbn2AXziA0Gdn9NKCJP5cAbC0NGDFTXCo%2F%2Breqbbww5M9lzAvqGU3N0kWCShHUw4vdlvoRYUugpeYo0HAJ2r66VQManQsR5TCshHTW56drNT7KIm%2Bm1dznR4EhPC6BI08fc6TT2xWkbDrUFJ2hBG8QaB8WVzn&nvMid=59448928090&catId=50001519
Apple 아이폰 13 미니 256GB,"239,250원",배송비무료,https://cr.shopping.naver.com/adcr?x=Ujdcr%2FPlyb9m6Qo56dfdG%2F%2F%2F%2Fw%3D%3Ds7CnoxVahWMjWEE9BaQkGIPjMwzKTPS8B39jG%2BSq1RDnxTAJR5s3V3RheLYZrm3hTaeEMc2r78Mt49DTmvrZLaWg6HabDTRx466CGciRiUnFBZuMfzSBinsMMtj7lqMfUyO7ChwrCmh81FSu7iB2mRNDkFMhuDiVGpV0%2FnH3Byg6KPRaB75CpZSI3WOEfpRxJf2MG9AXvwvuLumcvgXVmMw1oujzl7odrvtpDhD%2BnuxIKreIqouP5FZPeQtUxfxNdcfaOcFHDLN5ZBvl05RdsC8y%2FJs%2Fn%2BCR%2B9OfNIlSGfxVVsytd88XD6frfd9oIefDqIYcO%2BwZChQd38bYTPmzUgD9rXyqENDUD8omnd%2BAEOivf3Vb8LXDlJWzaxi1N0VJ6uq6mP25cRrg6eJhJDRNLK6EBIWbpAxIcX9Ro4DQQ6vBxE2%2BaQKQZMQadDGOBAZIqytAyc2xWj6xf3Xiw%2BzaBK%2BBUWGA9GUBLWgf4RZfKEWgeJca851MDqNQlZvvfD7WwAFMrt2thLpBSjLqJK%2BB1gtd3Axm%2F6yNo6r9oiUqfo%2FY%2FMEJjgCpD9B4YspUmuvkoILNNdR0vJKspN5bz%2F1GugcuJxgQEQcdbaOhebCqb8kfdzAKSPDAhuiCjg9qcoqldsQocLEGGa0wsleHc2pFkrdHdgVotCXDQSbCxEDDmpDc9eSszDTqH3sAK8doZ3xYeb1NmOoRBMBsXNQGXzjfbC%2BFUQB%2FrDAzm2q1KHRsHkfE%3D&nvMid=59537190949&catId=50001519
